<?xml version="1.0"?>
<font>
  <info face="Power Clear" size="32" bold="0" italic="0" charset="" unicode="1" stretchH="100" smooth="1" aa="2" padding="0,0,0,0" spacing="1,1" outline="0"/>
  <common lineHeight="32" base="25" scaleW="256" scaleH="256" pages="1" packed="0" alphaChnl="1" redChnl="0" greenChnl="0" blueChnl="0"/>
  <pages>
    <page id="0" file="font.png" />
  </pages>
  <chars count="178">
    <char id="32" x="194" y="64" width="1" height="1" xoffset="0" yoffset="0" xadvance="6" page="0" chnl="15" />
    <char id="33" x="252" y="22" width="3" height="21" xoffset="0" yoffset="4" xadvance="4" page="0" chnl="15" />
    <char id="34" x="196" y="136" width="7" height="7" xoffset="0" yoffset="4" xadvance="8" page="0" chnl="15" />
    <char id="35" x="92" y="106" width="11" height="17" xoffset="0" yoffset="8" xadvance="12" page="0" chnl="15" />
    <char id="36" x="14" y="44" width="11" height="21" xoffset="2" yoffset="6" xadvance="14" page="0" chnl="15" />
    <char id="37" x="220" y="64" width="11" height="19" xoffset="0" yoffset="6" xadvance="12" page="0" chnl="15" />
    <char id="38" x="104" y="106" width="11" height="17" xoffset="0" yoffset="8" xadvance="12" page="0" chnl="15" />
    <char id="39" x="204" y="136" width="3" height="7" xoffset="0" yoffset="4" xadvance="4" page="0" chnl="15" />
    <char id="40" x="106" y="44" width="7" height="21" xoffset="0" yoffset="6" xadvance="8" page="0" chnl="15" />
    <char id="41" x="114" y="44" width="7" height="21" xoffset="0" yoffset="6" xadvance="8" page="0" chnl="15" />
    <char id="42" x="72" y="138" width="11" height="11" xoffset="0" yoffset="4" xadvance="12" page="0" chnl="15" />
    <char id="43" x="84" y="138" width="11" height="11" xoffset="0" yoffset="10" xadvance="12" page="0" chnl="15" />
    <char id="44" x="170" y="138" width="5" height="9" xoffset="2" yoffset="20" xadvance="8" page="0" chnl="15" />
    <char id="45" x="24" y="156" width="11" height="3" xoffset="0" yoffset="14" xadvance="12" page="0" chnl="15" />
    <char id="46" x="242" y="134" width="5" height="5" xoffset="2" yoffset="20" xadvance="8" page="0" chnl="15" />
    <char id="47" x="86" y="44" width="11" height="21" xoffset="0" yoffset="6" xadvance="12" page="0" chnl="15" />
    <char id="48" x="36" y="86" width="11" height="19" xoffset="0" yoffset="6" xadvance="12" page="0" chnl="15" />
    <char id="49" x="18" y="108" width="7" height="19" xoffset="2" yoffset="6" xadvance="12" page="0" chnl="15" />
    <char id="50" x="208" y="64" width="11" height="19" xoffset="0" yoffset="6" xadvance="12" page="0" chnl="15" />
    <char id="51" x="120" y="86" width="11" height="19" xoffset="0" yoffset="6" xadvance="12" page="0" chnl="15" />
    <char id="52" x="204" y="84" width="11" height="19" xoffset="0" yoffset="6" xadvance="12" page="0" chnl="15" />
    <char id="53" x="228" y="84" width="11" height="19" xoffset="0" yoffset="6" xadvance="12" page="0" chnl="15" />
    <char id="54" x="180" y="86" width="11" height="19" xoffset="0" yoffset="6" xadvance="12" page="0" chnl="15" />
    <char id="55" x="28" y="66" width="11" height="19" xoffset="0" yoffset="6" xadvance="12" page="0" chnl="15" />
    <char id="56" x="40" y="66" width="11" height="19" xoffset="0" yoffset="6" xadvance="12" page="0" chnl="15" />
    <char id="57" x="52" y="66" width="11" height="19" xoffset="0" yoffset="6" xadvance="12" page="0" chnl="15" />
    <char id="58" x="228" y="104" width="5" height="15" xoffset="2" yoffset="10" xadvance="8" page="0" chnl="15" />
    <char id="59" x="38" y="106" width="5" height="19" xoffset="2" yoffset="10" xadvance="8" page="0" chnl="15" />
    <char id="60" x="26" y="44" width="11" height="21" xoffset="0" yoffset="6" xadvance="12" page="0" chnl="15" />
    <char id="61" x="146" y="138" width="11" height="9" xoffset="0" yoffset="12" xadvance="12" page="0" chnl="15" />
    <char id="62" x="62" y="44" width="11" height="21" xoffset="0" yoffset="6" xadvance="12" page="0" chnl="15" />
    <char id="63" x="74" y="44" width="11" height="21" xoffset="0" yoffset="4" xadvance="12" page="0" chnl="15" />
    <char id="64" x="168" y="86" width="11" height="19" xoffset="0" yoffset="6" xadvance="12" page="0" chnl="15" />
    <char id="65" x="156" y="86" width="11" height="19" xoffset="0" yoffset="6" xadvance="12" page="0" chnl="15" />
    <char id="66" x="132" y="86" width="11" height="19" xoffset="0" yoffset="6" xadvance="12" page="0" chnl="15" />
    <char id="67" x="192" y="86" width="11" height="19" xoffset="0" yoffset="6" xadvance="12" page="0" chnl="15" />
    <char id="68" x="108" y="86" width="11" height="19" xoffset="0" yoffset="6" xadvance="12" page="0" chnl="15" />
    <char id="69" x="96" y="86" width="11" height="19" xoffset="0" yoffset="6" xadvance="12" page="0" chnl="15" />
    <char id="70" x="84" y="86" width="11" height="19" xoffset="0" yoffset="6" xadvance="12" page="0" chnl="15" />
    <char id="71" x="72" y="86" width="11" height="19" xoffset="0" yoffset="6" xadvance="12" page="0" chnl="15" />
    <char id="72" x="60" y="86" width="11" height="19" xoffset="0" yoffset="6" xadvance="12" page="0" chnl="15" />
    <char id="73" x="10" y="108" width="7" height="19" xoffset="2" yoffset="6" xadvance="12" page="0" chnl="15" />
    <char id="74" x="48" y="86" width="11" height="19" xoffset="0" yoffset="6" xadvance="12" page="0" chnl="15" />
    <char id="75" x="144" y="86" width="11" height="19" xoffset="0" yoffset="6" xadvance="12" page="0" chnl="15" />
    <char id="76" x="240" y="84" width="11" height="19" xoffset="0" yoffset="6" xadvance="12" page="0" chnl="15" />
    <char id="77" x="24" y="86" width="11" height="19" xoffset="0" yoffset="6" xadvance="12" page="0" chnl="15" />
    <char id="78" x="0" y="88" width="11" height="19" xoffset="0" yoffset="6" xadvance="12" page="0" chnl="15" />
    <char id="79" x="244" y="64" width="11" height="19" xoffset="0" yoffset="6" xadvance="12" page="0" chnl="15" />
    <char id="80" x="232" y="64" width="11" height="19" xoffset="0" yoffset="6" xadvance="12" page="0" chnl="15" />
    <char id="81" x="244" y="0" width="11" height="21" xoffset="0" yoffset="6" xadvance="12" page="0" chnl="15" />
    <char id="82" x="196" y="64" width="11" height="19" xoffset="0" yoffset="6" xadvance="12" page="0" chnl="15" />
    <char id="83" x="172" y="66" width="11" height="19" xoffset="0" yoffset="6" xadvance="12" page="0" chnl="15" />
    <char id="84" x="148" y="66" width="11" height="19" xoffset="0" yoffset="6" xadvance="12" page="0" chnl="15" />
    <char id="85" x="112" y="66" width="11" height="19" xoffset="0" yoffset="6" xadvance="12" page="0" chnl="15" />
    <char id="86" x="100" y="66" width="11" height="19" xoffset="0" yoffset="6" xadvance="12" page="0" chnl="15" />
    <char id="87" x="88" y="66" width="11" height="19" xoffset="0" yoffset="6" xadvance="12" page="0" chnl="15" />
    <char id="88" x="76" y="66" width="11" height="19" xoffset="0" yoffset="6" xadvance="12" page="0" chnl="15" />
    <char id="89" x="12" y="88" width="11" height="19" xoffset="0" yoffset="6" xadvance="12" page="0" chnl="15" />
    <char id="90" x="64" y="66" width="11" height="19" xoffset="0" yoffset="6" xadvance="12" page="0" chnl="15" />
    <char id="91" x="122" y="44" width="7" height="21" xoffset="0" yoffset="6" xadvance="8" page="0" chnl="15" />
    <char id="92" x="38" y="44" width="11" height="21" xoffset="0" yoffset="4" xadvance="12" page="0" chnl="15" />
    <char id="93" x="154" y="44" width="7" height="21" xoffset="0" yoffset="6" xadvance="8" page="0" chnl="15" />
    <char id="94" x="176" y="138" width="11" height="7" xoffset="0" yoffset="4" xadvance="12" page="0" chnl="15" />
    <char id="95" x="0" y="156" width="11" height="3" xoffset="0" yoffset="22" xadvance="12" page="0" chnl="15" />
    <char id="96" x="188" y="138" width="7" height="7" xoffset="0" yoffset="4" xadvance="8" page="0" chnl="15" />
    <char id="97" x="48" y="140" width="11" height="13" xoffset="0" yoffset="12" xadvance="12" page="0" chnl="15" />
    <char id="98" x="124" y="66" width="11" height="19" xoffset="0" yoffset="6" xadvance="12" page="0" chnl="15" />
    <char id="99" x="24" y="142" width="11" height="13" xoffset="0" yoffset="12" xadvance="12" page="0" chnl="15" />
    <char id="100" x="136" y="66" width="11" height="19" xoffset="0" yoffset="6" xadvance="12" page="0" chnl="15" />
    <char id="101" x="36" y="140" width="11" height="13" xoffset="0" yoffset="12" xadvance="12" page="0" chnl="15" />
    <char id="102" x="0" y="108" width="9" height="19" xoffset="0" yoffset="6" xadvance="10" page="0" chnl="15" />
    <char id="103" x="116" y="106" width="11" height="17" xoffset="0" yoffset="12" xadvance="12" page="0" chnl="15" />
    <char id="104" x="160" y="66" width="11" height="19" xoffset="0" yoffset="6" xadvance="12" page="0" chnl="15" />
    <char id="105" x="186" y="106" width="3" height="17" xoffset="0" yoffset="8" xadvance="4" page="0" chnl="15" />
    <char id="106" x="162" y="44" width="7" height="21" xoffset="0" yoffset="8" xadvance="8" page="0" chnl="15" />
    <char id="107" x="184" y="66" width="11" height="19" xoffset="0" yoffset="6" xadvance="12" page="0" chnl="15" />
    <char id="108" x="32" y="106" width="5" height="19" xoffset="0" yoffset="6" xadvance="6" page="0" chnl="15" />
    <char id="109" x="12" y="142" width="11" height="13" xoffset="0" yoffset="12" xadvance="12" page="0" chnl="15" />
    <char id="110" x="0" y="142" width="11" height="13" xoffset="0" yoffset="12" xadvance="12" page="0" chnl="15" />
    <char id="111" x="238" y="120" width="11" height="13" xoffset="0" yoffset="12" xadvance="12" page="0" chnl="15" />
    <char id="112" x="128" y="106" width="11" height="17" xoffset="0" yoffset="12" xadvance="12" page="0" chnl="15" />
    <char id="113" x="140" y="106" width="11" height="17" xoffset="0" yoffset="12" xadvance="12" page="0" chnl="15" />
    <char id="114" x="226" y="120" width="11" height="13" xoffset="0" yoffset="12" xadvance="12" page="0" chnl="15" />
    <char id="115" x="214" y="120" width="11" height="13" xoffset="0" yoffset="12" xadvance="12" page="0" chnl="15" />
    <char id="116" x="218" y="104" width="9" height="15" xoffset="0" yoffset="10" xadvance="10" page="0" chnl="15" />
    <char id="117" x="202" y="122" width="11" height="13" xoffset="0" yoffset="12" xadvance="12" page="0" chnl="15" />
    <char id="118" x="190" y="122" width="11" height="13" xoffset="0" yoffset="12" xadvance="12" page="0" chnl="15" />
    <char id="119" x="178" y="124" width="11" height="13" xoffset="0" yoffset="12" xadvance="12" page="0" chnl="15" />
    <char id="120" x="166" y="124" width="11" height="13" xoffset="0" yoffset="12" xadvance="12" page="0" chnl="15" />
    <char id="121" x="152" y="106" width="11" height="17" xoffset="0" yoffset="12" xadvance="12" page="0" chnl="15" />
    <char id="122" x="154" y="124" width="11" height="13" xoffset="0" yoffset="12" xadvance="12" page="0" chnl="15" />
    <char id="123" x="170" y="44" width="7" height="21" xoffset="0" yoffset="6" xadvance="8" page="0" chnl="15" />
    <char id="124" x="190" y="44" width="3" height="21" xoffset="0" yoffset="4" xadvance="4" page="0" chnl="15" />
    <char id="125" x="178" y="44" width="7" height="21" xoffset="0" yoffset="6" xadvance="8" page="0" chnl="15" />
    <char id="126" x="208" y="136" width="13" height="5" xoffset="0" yoffset="14" xadvance="14" page="0" chnl="15" />
    <char id="8216" x="164" y="138" width="5" height="9" xoffset="2" yoffset="4" xadvance="8" page="0" chnl="15" />
    <char id="8217" x="158" y="138" width="5" height="9" xoffset="2" yoffset="4" xadvance="8" page="0" chnl="15" />
    <char id="8220" x="134" y="138" width="11" height="9" xoffset="0" yoffset="4" xadvance="12" page="0" chnl="15" />
    <char id="8221" x="122" y="138" width="11" height="9" xoffset="0" yoffset="4" xadvance="12" page="0" chnl="15" />
    <char id="8222" x="110" y="138" width="11" height="9" xoffset="0" yoffset="20" xadvance="12" page="0" chnl="15" />
    <char id="8230" x="12" y="156" width="11" height="3" xoffset="0" yoffset="22" xadvance="12" page="0" chnl="15" />
    <char id="65281" x="186" y="44" width="3" height="21" xoffset="4" yoffset="4" xadvance="8" page="0" chnl="15" />
    <char id="65285" x="30" y="0" width="15" height="21" xoffset="0" yoffset="4" xadvance="16" page="0" chnl="15" />
    <char id="65286" x="194" y="44" width="17" height="19" xoffset="0" yoffset="6" xadvance="18" page="0" chnl="15" />
    <char id="65288" x="130" y="44" width="7" height="21" xoffset="2" yoffset="4" xadvance="10" page="0" chnl="15" />
    <char id="65289" x="98" y="44" width="7" height="21" xoffset="4" yoffset="4" xadvance="12" page="0" chnl="15" />
    <char id="65291" x="190" y="106" width="15" height="15" xoffset="0" yoffset="8" xadvance="16" page="0" chnl="15" />
    <char id="65292" x="250" y="118" width="5" height="9" xoffset="2" yoffset="20" xadvance="8" page="0" chnl="15" />
    <char id="65294" x="236" y="134" width="5" height="5" xoffset="2" yoffset="20" xadvance="8" page="0" chnl="15" />
    <char id="65295" x="50" y="44" width="11" height="21" xoffset="2" yoffset="4" xadvance="14" page="0" chnl="15" />
    <char id="65296" x="70" y="22" width="13" height="21" xoffset="0" yoffset="4" xadvance="14" page="0" chnl="15" />
    <char id="65297" x="146" y="44" width="7" height="21" xoffset="2" yoffset="4" xadvance="10" page="0" chnl="15" />
    <char id="65298" x="84" y="22" width="13" height="21" xoffset="0" yoffset="4" xadvance="14" page="0" chnl="15" />
    <char id="65299" x="98" y="22" width="13" height="21" xoffset="0" yoffset="4" xadvance="14" page="0" chnl="15" />
    <char id="65300" x="112" y="22" width="13" height="21" xoffset="0" yoffset="4" xadvance="14" page="0" chnl="15" />
    <char id="65301" x="182" y="22" width="13" height="21" xoffset="0" yoffset="4" xadvance="14" page="0" chnl="15" />
    <char id="65302" x="196" y="22" width="13" height="21" xoffset="0" yoffset="4" xadvance="14" page="0" chnl="15" />
    <char id="65303" x="56" y="22" width="13" height="21" xoffset="0" yoffset="4" xadvance="14" page="0" chnl="15" />
    <char id="65304" x="230" y="0" width="13" height="21" xoffset="0" yoffset="4" xadvance="14" page="0" chnl="15" />
    <char id="65305" x="168" y="22" width="13" height="21" xoffset="0" yoffset="4" xadvance="14" page="0" chnl="15" />
    <char id="65306" x="234" y="104" width="5" height="15" xoffset="2" yoffset="8" xadvance="8" page="0" chnl="15" />
    <char id="65307" x="26" y="106" width="5" height="19" xoffset="2" yoffset="8" xadvance="8" page="0" chnl="15" />
    <char id="65309" x="96" y="138" width="13" height="9" xoffset="2" yoffset="12" xadvance="16" page="0" chnl="15" />
    <char id="65311" x="14" y="0" width="15" height="21" xoffset="2" yoffset="4" xadvance="18" page="0" chnl="15" />
    <char id="65312" x="212" y="44" width="15" height="19" xoffset="0" yoffset="6" xadvance="16" page="0" chnl="15" />
    <char id="65313" x="174" y="0" width="13" height="21" xoffset="0" yoffset="4" xadvance="14" page="0" chnl="15" />
    <char id="65314" x="160" y="0" width="13" height="21" xoffset="0" yoffset="4" xadvance="14" page="0" chnl="15" />
    <char id="65315" x="146" y="0" width="13" height="21" xoffset="0" yoffset="4" xadvance="14" page="0" chnl="15" />
    <char id="65316" x="104" y="0" width="13" height="21" xoffset="0" yoffset="4" xadvance="14" page="0" chnl="15" />
    <char id="65317" x="62" y="0" width="13" height="21" xoffset="0" yoffset="4" xadvance="14" page="0" chnl="15" />
    <char id="65318" x="42" y="22" width="13" height="21" xoffset="0" yoffset="4" xadvance="14" page="0" chnl="15" />
    <char id="65319" x="28" y="22" width="13" height="21" xoffset="0" yoffset="4" xadvance="14" page="0" chnl="15" />
    <char id="65320" x="14" y="22" width="13" height="21" xoffset="0" yoffset="4" xadvance="14" page="0" chnl="15" />
    <char id="65321" x="138" y="44" width="7" height="21" xoffset="2" yoffset="4" xadvance="10" page="0" chnl="15" />
    <char id="65322" x="0" y="24" width="13" height="21" xoffset="0" yoffset="4" xadvance="14" page="0" chnl="15" />
    <char id="65323" x="216" y="0" width="13" height="21" xoffset="0" yoffset="4" xadvance="14" page="0" chnl="15" />
    <char id="65324" x="188" y="0" width="13" height="21" xoffset="0" yoffset="4" xadvance="14" page="0" chnl="15" />
    <char id="65325" x="132" y="0" width="13" height="21" xoffset="0" yoffset="4" xadvance="14" page="0" chnl="15" />
    <char id="65326" x="118" y="0" width="13" height="21" xoffset="0" yoffset="4" xadvance="14" page="0" chnl="15" />
    <char id="65327" x="90" y="0" width="13" height="21" xoffset="0" yoffset="4" xadvance="14" page="0" chnl="15" />
    <char id="65328" x="76" y="0" width="13" height="21" xoffset="0" yoffset="4" xadvance="14" page="0" chnl="15" />
    <char id="65329" x="0" y="0" width="13" height="23" xoffset="0" yoffset="4" xadvance="14" page="0" chnl="15" />
    <char id="65330" x="140" y="22" width="13" height="21" xoffset="0" yoffset="4" xadvance="14" page="0" chnl="15" />
    <char id="65331" x="0" y="46" width="13" height="21" xoffset="0" yoffset="4" xadvance="14" page="0" chnl="15" />
    <char id="65332" x="238" y="22" width="13" height="21" xoffset="0" yoffset="4" xadvance="14" page="0" chnl="15" />
    <char id="65333" x="202" y="0" width="13" height="21" xoffset="0" yoffset="4" xadvance="14" page="0" chnl="15" />
    <char id="65334" x="224" y="22" width="13" height="21" xoffset="0" yoffset="4" xadvance="14" page="0" chnl="15" />
    <char id="65335" x="210" y="22" width="13" height="21" xoffset="0" yoffset="4" xadvance="14" page="0" chnl="15" />
    <char id="65336" x="154" y="22" width="13" height="21" xoffset="0" yoffset="4" xadvance="14" page="0" chnl="15" />
    <char id="65337" x="46" y="0" width="15" height="21" xoffset="0" yoffset="4" xadvance="16" page="0" chnl="15" />
    <char id="65338" x="126" y="22" width="13" height="21" xoffset="0" yoffset="4" xadvance="14" page="0" chnl="15" />
    <char id="65345" x="84" y="124" width="13" height="13" xoffset="0" yoffset="12" xadvance="14" page="0" chnl="15" />
    <char id="65346" x="228" y="44" width="13" height="19" xoffset="0" yoffset="6" xadvance="14" page="0" chnl="15" />
    <char id="65347" x="98" y="124" width="13" height="13" xoffset="0" yoffset="12" xadvance="14" page="0" chnl="15" />
    <char id="65348" x="242" y="44" width="13" height="19" xoffset="0" yoffset="6" xadvance="14" page="0" chnl="15" />
    <char id="65349" x="140" y="124" width="13" height="13" xoffset="0" yoffset="12" xadvance="14" page="0" chnl="15" />
    <char id="65350" x="216" y="84" width="11" height="19" xoffset="0" yoffset="6" xadvance="12" page="0" chnl="15" />
    <char id="65351" x="50" y="106" width="13" height="17" xoffset="0" yoffset="12" xadvance="14" page="0" chnl="15" />
    <char id="65352" x="0" y="68" width="13" height="19" xoffset="0" yoffset="6" xadvance="14" page="0" chnl="15" />
    <char id="65353" x="252" y="84" width="3" height="17" xoffset="0" yoffset="8" xadvance="4" page="0" chnl="15" />
    <char id="65354" x="176" y="106" width="9" height="17" xoffset="0" yoffset="8" xadvance="10" page="0" chnl="15" />
    <char id="65355" x="14" y="66" width="13" height="19" xoffset="0" yoffset="6" xadvance="14" page="0" chnl="15" />
    <char id="65356" x="44" y="106" width="5" height="19" xoffset="0" yoffset="6" xadvance="6" page="0" chnl="15" />
    <char id="65357" x="56" y="124" width="13" height="13" xoffset="0" yoffset="12" xadvance="14" page="0" chnl="15" />
    <char id="65358" x="126" y="124" width="13" height="13" xoffset="0" yoffset="12" xadvance="14" page="0" chnl="15" />
    <char id="65359" x="112" y="124" width="13" height="13" xoffset="0" yoffset="12" xadvance="14" page="0" chnl="15" />
    <char id="65360" x="64" y="106" width="13" height="17" xoffset="0" yoffset="12" xadvance="14" page="0" chnl="15" />
    <char id="65361" x="78" y="106" width="13" height="17" xoffset="0" yoffset="12" xadvance="14" page="0" chnl="15" />
    <char id="65362" x="60" y="138" width="11" height="13" xoffset="0" yoffset="12" xadvance="12" page="0" chnl="15" />
    <char id="65363" x="70" y="124" width="13" height="13" xoffset="0" yoffset="12" xadvance="14" page="0" chnl="15" />
    <char id="65364" x="206" y="104" width="11" height="15" xoffset="0" yoffset="10" xadvance="12" page="0" chnl="15" />
    <char id="65365" x="42" y="126" width="13" height="13" xoffset="0" yoffset="12" xadvance="14" page="0" chnl="15" />
    <char id="65366" x="28" y="126" width="13" height="13" xoffset="0" yoffset="12" xadvance="14" page="0" chnl="15" />
    <char id="65367" x="14" y="128" width="13" height="13" xoffset="0" yoffset="12" xadvance="14" page="0" chnl="15" />
    <char id="65368" x="0" y="128" width="13" height="13" xoffset="0" yoffset="12" xadvance="14" page="0" chnl="15" />
    <char id="65369" x="164" y="106" width="11" height="17" xoffset="0" yoffset="12" xadvance="12" page="0" chnl="15" />
    <char id="65370" x="240" y="104" width="13" height="13" xoffset="0" yoffset="12" xadvance="14" page="0" chnl="15" />
    <char id="65374" x="222" y="134" width="13" height="5" xoffset="2" yoffset="14" xadvance="16" page="0" chnl="15" />
  </chars>
</font>
