{"frames":{"textbox":{"frame":{"x":0,"y":1800,"w":950,"h":100},"rotated":false,"trimmed":false,"spriteSourceSize":{"x":0,"y":0,"w":950,"h":100},"sourceSize":{"w":950,"h":100}},"block":{"frame":{"x":950,"y":1800,"w":64,"h":64},"rotated":false,"trimmed":false,"spriteSourceSize":{"x":0,"y":0,"w":64,"h":64},"sourceSize":{"w":64,"h":64}},"buildings":{"frame":{"x":0,"y":0,"w":1600,"h":600},"rotated":false,"trimmed":false,"spriteSourceSize":{"x":0,"y":0,"w":1600,"h":600},"sourceSize":{"w":1600,"h":600}},"bullet":{"frame":{"x":950,"y":1883,"w":20,"h":5},"rotated":false,"trimmed":false,"spriteSourceSize":{"x":0,"y":0,"w":20,"h":5},"sourceSize":{"w":20,"h":5}},"gameover":{"frame":{"x":1000,"y":1200,"w":436,"h":412},"rotated":false,"trimmed":false,"spriteSourceSize":{"x":0,"y":0,"w":436,"h":412},"sourceSize":{"w":436,"h":412}},"light":{"frame":{"x":950,"y":1864,"w":19,"h":19},"rotated":false,"trimmed":false,"spriteSourceSize":{"x":0,"y":0,"w":19,"h":19},"sourceSize":{"w":19,"h":19}},"sky":{"frame":{"x":0,"y":600,"w":1600,"h":600},"rotated":false,"trimmed":false,"spriteSourceSize":{"x":0,"y":0,"w":1600,"h":600},"sourceSize":{"w":1600,"h":600}},"instructions":{"frame":{"x":0,"y":1200,"w":1000,"h":600},"rotated":false,"trimmed":false,"spriteSourceSize":{"x":0,"y":0,"w":1000,"h":600},"sourceSize":{"w":1000,"h":600}}},"meta":{"app":"https://www.leshylabs.com/apps/sstool/","version":"Leshy SpriteSheet Tool v0.8.4","image":"spritesheet.png","size":{"w":1600,"h":1900},"scale":1}}